{
  "count": 2,
  "mean_ms": 620.8636790000241,
  "median_ms": 620.8636790000241,
  "p95_ms": 646.117817600026
}