{
  "count": 2,
  "mean_ms": 435.7663159999561,
  "median_ms": 435.7663159999561,
  "p95_ms": 452.60808349995045
}