{
  "count": 2,
  "mean_ms": 481.0857925001528,
  "median_ms": 481.0857925001528,
  "p95_ms": 488.6935037501644
}