{
  "count": 2,
  "mean_ms": 747.6917364999736,
  "median_ms": 747.6917364999736,
  "p95_ms": 764.5831610499727
}